model,avg_logL
3-state,-2.43918723964075
2-state,-2.441413624010676
