model,avg_logL
3-state,-2.226727555506954
2-state,-2.437877289951868
