state,log_rv,ac1_5m
2.0,-8.53235827460571,0.10106970223597524
