fold,μ_log_rv,μ_ac1,σ_log_rv,σ_ac1
2026,-8.711002572888015,-0.040499579174852654,0.6074358703475126,0.1744999069990317
